ID,name,desc,talk_pre,talk_accept,talk_doing,talk_finish,task_failed
483,Plentiful Mineral (Primary),Purchase the Mining Charm from Master Qingxuzi to exchange the Mineral Box.,The treasures in Lunar Cave are abundant.  I went to the cave to collect some whenever I am free.  I have a lot of reserves.  You need to purchase the Mining Charm from me to exchange the Mineral Box.  Mineral Box is a fantastic item.  It may bring you all kinds of Mineral.  It depends on how lucky you are. ,Let me see how lucky you are!,Have you ever purchased the Mining Charm from me? ,How is it?  How lucky are you today?,
484,Plentiful Mineral (Intermediate),Purchase the Mining Charm from Master Qingxuzi to exchange the Mineral Box.,The treasures in Lunar Cave are abundant.  I went to the cave to collect some whenever I am free.  I have a lot of reserves.  You need to purchase the Mining Charm from me to exchange the Mineral Box.  Mineral Box is a fantastic item.  It may bring you all kinds of Mineral.  It depends on how lucky you are. ,Let me see how lucky you are!,Have you ever purchased the Mining Charm from me? ,How is it?  How lucky are you today?,
485,Plentiful Mineral (Advanced),Purchase the Mining Charm from Master Qingxuzi to exchange the Mineral Box.,The treasures in Lunar Cave are abundant.  I went to the cave to collect some whenever I am free.  I have a lot of reserves.  You need to purchase the Mining Charm from me to exchange the Mineral Box.  Mineral Box is a fantastic item.  It may bring you all kinds of Mineral.  It depends on how lucky you are. ,Let me see how lucky you are!,Have you ever purchased the Mining Charm from me? ,How is it?  How lucky are you today?,
486,Abundant Mineral (Primary),Purchase the Mining Charm from Master Qingxuzi to exchange the Mineral Box.,The treasures in Lunar Cave are abundant.  I went to the cave to collect some whenever I am free.  I have a lot of reserves.  You need to purchase the Mining Charm from me to exchange the Mineral Box.  Mineral Box is a fantastic item.  It may bring you all kinds of Mineral.  It depends on how lucky you are. ,Let me see how lucky you are!,Have you ever purchased the Mining Charm from me? ,How is it?  How lucky are you today?,
487,Abundant Mineral (Intermediate),Purchase the Mining Charm from Master Qingxuzi to exchange the Mineral Box.,The treasures in Lunar Cave are abundant.  I went to the cave to collect some whenever I am free.  I have a lot of reserves.  You need to purchase the Mining Charm from me to exchange the Mineral Box.  Mineral Box is a fantastic item.  It may bring you all kinds of Mineral.  It depends on how lucky you are. ,Let me see how lucky you are!,Have you ever purchased the Mining Charm from me? ,How is it?  How lucky are you today?,
488,Abundant Mineral (Advanced),Purchase the Mining Charm from Master Qingxuzi to exchange the Mineral Box.,The treasures in Lunar Cave are abundant.  I went to the cave to collect some whenever I am free.  I have a lot of reserves.  You need to purchase the Mining Charm from me to exchange the Mineral Box.  Mineral Box is a fantastic item.  It may bring you all kinds of Mineral.  It depends on how lucky you are. ,Let me see how lucky you are!,Have you ever purchased the Mining Charm from me? ,How is it?  How lucky are you today?,
855,Ancient Tree of Life,Guild Leader activates the mysterious power of Ancient Tree of Life.,"During 16:00 to 22:00 (PST) every day, Guild Leader are able to activate the mysterious power of Ancient Tree of Life.  All members can stay beside this tree to absorb essence.",Don't waste time!,"Only 16:00 to 22:00 is available, please keep in mind!",Thank you for your efforts to improve the Guild.,
475,Battle in Rattan Cave,"Finish the quest on Stone of Sword, contribute to your guild prosperity. ","The evil force of Rattan Cave spread around Tiger Mountain.  And the trend seems to expand to Stone City. We really hope some people stand out and help us. By finishing this quest, you can earn generous reward and increase the prosperity of your guild.  Would you like to help us? ","I have already placed the reward on the Stone of Sword,  once you finish the quest, you will get the reward automatically. ","$username$, go ahead!",You are so great.  The reward are yours now.,
476,Battle in Snake Cave,"Finish the quest on Stone of Sword, contribute to your guild prosperity. ","The evil force in Snake Cave is ready to do something.  Would you like stand out and help us?  By finishing this quest, you can earn generous reward and increase the prosperity of your guild.  Would you like to help us?","I have already placed the reward on the Stone of Sword,  once you finish the quest, you will get the reward automatically. ","$username$, go ahead!",You are so great.  The reward are yours now.,
477,Battle in Mercy Temple,"Finish the quest on Stone of Sword, contribute to your guild prosperity. ","The Monks in Mercy Temple doing dirty stuff in the secret room.  I really hope some people can stand out.  By finishing this quest, you can earn generous reward and increase the prosperity of your guild.  Would you like to help us?","I have already placed the reward on the Stone of Sword,  once you finish the quest, you will get the reward automatically. ","$username$, go ahead!",You are so great.  The reward are yours now.,
478,Battle in Happiness Hall,"Finish the quest on Stone of Sword, contribute to your guild prosperity. ","Happiness Hall used to be a clean place for monks to exercise.  Since it was occupied by Buddhist Monk Purple Moon, it became the beachhead of Evil Force.  By finishing this quest, you can earn generous reward and increase the prosperity of your guild.  Would you like to help us?","I have already placed the reward on the Stone of Sword,  once you finish the quest, you will get the reward automatically. ","$username$, go ahead!",You are so great.  The reward are yours now.,
479,Battle in Laurel Wonderland,"Finish the quest on Stone of Sword, contribute to your guild prosperity. ","Poison Dragon General stole the Glossy Ganoderma of the Wizard. And they attack the justice juntas. We really hope someone could stand out.  By finishing this quest, you can earn generous reward and increase the prosperity of your guild.  Would you like to help us?","I have already placed the reward on the Stone of Sword,  once you finish the quest, you will get the reward automatically. ","$username$, go ahead!",You are so great.  The reward are yours now.,
480,Battle in Fantasy Palace,"Finish the quest on Stone of Sword, contribute to your guild prosperity. ","The evil force of Whorl Mountain occupied the whole mountain.  The Fantasy Palace was guarded by four evil heads. Frozen Zone and Virulent Zone are easier to defeated.  It's the entrance to get into the Fantasy Palace.  We really hope someone could stand out. By finishing this quest, you can earn generous reward and increase the prosperity of your guild.  Would you like to help us?","I have already placed the reward on the Stone of Sword,  once you finish the quest, you will get the reward automatically. ","$username$, go ahead!",You are so great.  The reward are yours now.,
481,Battle at Purgatory Zone,"Finish the quest on Stone of Sword, contribute to your guild prosperity. ","Purgatory Zone is guarded by Fire Boar.  Fire Boar is hard to deal with.  You should not lower estimate him.  We really hope someone could stand out. By finishing this quest, you can earn generous reward and increase the prosperity of your guild.  Would you like to help us?","I have already placed the reward on the Stone of Sword,  once you finish the quest, you will get the reward automatically. ","$username$, go ahead!",You are so great.  The reward are yours now.,
482,Battle in Bewitcher Cave,"Finish the quest on Stone of Sword, contribute to your guild prosperity. ","If you want to exterminate the Bewitcher Cave, you have to defeat Blaze Skull Marshal.  It's not a easy job.  We really hope someone could stand out. By finishing this quest, you can earn generous reward and increase the prosperity of your guild.  Would you like to help us?","I have already placed the reward on the Stone of Sword,  once you finish the quest, you will get the reward automatically. ","$username$, go ahead!",You are so great.  The reward are yours now.,
495,Battle in Seven Stars Stage ,Exterminate hellions led by Golden Star Tao Guo and Mountain Man Kai.,A gang of evils led by Golden Star Tao Guo and Mountain Man Kai have gathered together in Seven Stars Stage.  Word has come that heroes that exterminate them successfully will get great rewards!,Please beware those evils in Seven Stars Stage.,Have you finished the task I asked you to do?,Great!  The evil will be wiped out one day with the growing power of Justice Junta.,It's all right.  Just go there next time.
21000,"Weapons for Wizzard","#R$username$, Europe Talisman is asking for some help.  Could you lend him a hand?","That damn Wild Boars are wandering around with his followers.  Can you help me kill some of them?","Go and exterminate them all!","Go and exterminate them all!","Thank you!  Here's your reward.",,,,,,,,,
21001,"Weapons for Monk","#R$username$, Europe Talisman is asking for some help.  Could you lend him a hand?","That damn Wild Boars are wandering around with his followers.  Can you help me kill some of them?","Go and exterminate them all!","Go and exterminate them all!","Thank you!  Here's your reward.",,,,,,,,,
21002,"Weapons for Fairy","#R$username$, Europe Talisman is asking for some help.  Could you lend him a hand?","That damn Wild Boars are wandering around with his followers.  Can you help me kill some of them?","Go and exterminate them all!","Go and exterminate them all!","Thank you!  Here's your reward.",,,,,,,,,
21003,"Weapons for Assassin","#R$username$, Europe Talisman is asking for some help.  Could you lend him a hand?","That damn Wild Boars are wandering around with his followers.  Can you help me kill some of them?","Go and exterminate them all!","Go and exterminate them all!","Thank you!  Here's your reward.",,,,,,,,,
21004,"Weapons For Tamer","#R$username$, Europe Talisman is asking for some help.  Could you lend him a hand?","That damn Wild Boars are wandering around with his followers.  Can you help me kill some of them?","Go and exterminate them all!","Go and exterminate them all!","Thank you!  Here's your reward.",,,,,,,,,
20005,"Courage Badge (BC)","#G$username$, Europe Talisman gives some nice items in exchange of Courage Badges.  Could you lend us a hand?","That damn Caves are strong so you need a team.  Can you help me clear some of them?","Go and exterminate them all!","Go and exterminate them all!","Thank you!  Here's your reward.",,,,,,,,,
20006,"Courage Badge (SSS)","#G$username$, Europe Talisman gives some nice items in exchange of Courage Badges.  Could you lend us a hand?","That damn Caves are strong so you need a team.  Can you help me clear some of them?","Go and exterminate them all!","Go and exterminate them all!","Thank you!  Here's your reward.",,,,,,,,,
20007,"Courage Badge (SSC)","#G$username$, Europe Talisman gives some nice items in exchange of Courage Badges.  Could you lend us a hand?","That damn Caves are strong so you need a team.  Can you help me clear some of them?","Go and exterminate them all!","Go and exterminate them all!","Thank you!  Here's your reward.",,,,,,,,,
20008,"Courage Badge (SFC)","#G$username$, Europe Talisman gives some nice items in exchange of Courage Badges.  Could you lend us a hand?","That damn Caves are strong so you need a team.  Can you help me clear some of them?","Go and exterminate them all!","Go and exterminate them all!","Thank you!  Here's your reward.",,,,,,,,,
20009,"Courage Badge (CWC)","#G$username$, Europe Talisman gives some nice items in exchange of Courage Badges.  Could you lend us a hand?","That damn Caves are strong so you need a team.  Can you help me clear some of them?","Go and exterminate them all!","Go and exterminate them all!","Thank you!  Here's your reward.",,,,,,,,,
20010,"Courage Badge (PRC)","#G$username$, Europe Talisman gives some nice items in exchange of Courage Badges.  Could you lend us a hand?","That damn Caves are strong so you need a team.  Can you help me clear some of them?","Go and exterminate them all!","Go and exterminate them all!","Thank you!  Here's your reward.",,,,,,,,,
20011,"Courage Badge (PL)","#G$username$, Europe Talisman gives some nice items in exchange of Courage Badges.  Could you lend us a hand?","That damn Caves are strong so you need a team.  Can you help me clear some of them?","Go and exterminate them all!","Go and exterminate them all!","Thank you!  Here's your reward.",,,,,,,,,
20012,"Courage Badge (WP)","#G$username$, Europe Talisman gives some nice items in exchange of Courage Badges.  Could you lend us a hand?","That damn Caves are strong so you need a team.  Can you help me clear some of them?","Go and exterminate them all!","Go and exterminate them all!","Thank you!  Here's your reward.",,,,,,,,,
20012,"Courage Badge (WP)","#G$username$, Europe Talisman gives some nice items in exchange of Courage Badges.  Could you lend us a hand?","That damn Caves are strong so you need a team.  Can you help me clear some of them?","Go and exterminate them all!","Go and exterminate them all!","Thank you!  Here's your reward.",,,,,,,,,
20013,"Hero Badge","#G$username$, Here you can change 20 Courage Badges for 1 Hero Badge.  Do you have enought courages?","You can get nice items as reward.  Can you help me rearch some of them?","Go and collect them all!","Go and collect them all!","Thank you!  Here's your reward.",,,,,,,,,
20014,"Hero Badge (Bloodstain x10)","#G$username$, Here you can change 200 Courage Badges for 1 Hero Badge.  Do you have enought courages?","You can get nice items as reward.  Can you help me rearch some of them?","Go and collect them all!","Go and collect them all!","Thank you!  Here's your reward.",,,,,,,,,
20015,"Hero Badge (Mount Chip x10)","#G$username$, Here you can change 200 Courage Badges for 1 Hero Badge.  Do you have enought courages?","You can get nice items as reward.  Can you help me rearch some of them?","Go and collect them all!","Go and collect them all!","Thank you!  Here's your reward.",,,,,,,,,
20016,"Hero Badge (RS Chip x10)","#G$username$, Here you can change 200 Courage Badges for 1 Hero Badge.  Do you have enought courages?","You can get nice items as reward.  Can you help me rearch some of them?","Go and collect them all!","Go and collect them all!","Thank you!  Here's your reward.",,,,,,,,,
20017,"Hero Badge (Blended Soul x10)","#G$username$#n, Here you can change 200 Courage Badges for 1 Hero Badge.  Do you have enought courages?","You can get nice items as reward.  Can you help me rearch some of them?","Go and collect them all!","Go and collect them all!","Thank you!  Here's your reward.",,,,,,,,,
20018,"Europe Reputation (SSS)","#Y$username$, Europe Reputation own nice items for you.  Do you have enought reputation points?","You can get nice items as reward.  Can you help me rearch some of them?","Go and collect them all!","Go and collect them all!","Thank you!  Here's your reward.",,,,,,,,,
20019,"Europe Reputation (SFC)","#Y$username$, Europe Reputation own nice items for you.  Do you have enought reputation points?","You can get nice items as reward.  Can you help me rearch some of them?","Go and collect them all!","Go and collect them all!","Thank you!  Here's your reward.",,,,,,,,,
20020,"Europe Reputation (CWC)","#Y$username$, Europe Reputation own nice items for you.  Do you have enought reputation points?","You can get nice items as reward.  Can you help me rearch some of them?","Go and collect them all!","Go and collect them all!","Thank you!  Here's your reward.",,,,,,,,,
20021,"Europe Reputation (PRC)","#Y$username$, Europe Reputation own nice items for you.  Do you have enought reputation points?","You can get nice items as reward.  Can you help me rearch some of them?","Go and collect them all!","Go and collect them all!","Thank you!  Here's your reward.",,,,,,,,,
20022,"Europe Reputation (PL)","#Y$username$, Europe Reputation own nice items for you.  Do you have enought reputation points?","You can get nice items as reward.  Can you help me rearch some of them?","Go and collect them all!","Go and collect them all!","Thank you!  Here's your reward.",,,,,,,,,
20023,"Europe Reputation (WP)","#Y$username$, Europe Reputation own nice items for you.  Do you have enought reputation points?","You can get nice items as reward.  Can you help me rearch some of them?","Go and collect them all!","Go and collect them all!","Thank you!  Here's your reward.",,,,,,,,,
20024,"Competition Pill (PVP)","#Y$username$, Competition Merchant own PVP items for you.  Do you have enought Competition points?","You can get nice items as reward.  Can you help me rearch some of them?","Go and collect them all!","Go and collect them all!","Thank you!  Here's your reward.",,,,,,,,,
20025,"Kill Soul (SSS)","#R$username$, Sir Adam can teach you how to make Magicstone from 1% to 10%.  Go at Blacksmith and take the Living Skill Crack Magicstone?","You can get nice items as reward.  Can you help me rearch some of them?","Go and collect them all!","Go and collect them all!","Thank you!  Here's your reward.",,,,,,,,,
20026,"Kill Soul (SFC)","#R$username$, Sir Adam can teach you how to make Magicstone from 1% to 10%.  Go at Blacksmith and take the Living Skill Crack Magicstone?","You can get nice items as reward.  Can you help me rearch some of them?","Go and collect them all!","Go and collect them all!","Thank you!  Here's your reward.",,,,,,,,,
20027,"Kill Soul (CWC)","#R$username$, Sir Adam can teach you how to make Magicstone from 1% to 10%.  Go at Blacksmith and take the Living Skill Crack Magicstone?","You can get nice items as reward.  Can you help me rearch some of them?","Go and collect them all!","Go and collect them all!","Thank you!  Here's your reward.",,,,,,,,,
20028,"Large Ruby Chest","#R$username$, you can spend some spaces with our special quests.  Trade 5 Gems for a chest so in this way you can have more space in your inventory!","You can get nice items as reward.  Can you help me rearch some of them?","Go and collect them all!","Go and collect them all!","Thank you!  Here's your reward.",,,,,,,,,
20029,"Large Emerald Chest","#R$username$, you can spend some spaces with our special quests.  Trade 5 Gems for a chest so in this way you can have more space in your inventory!","You can get nice items as reward.  Can you help me rearch some of them?","Go and collect them all!","Go and collect them all!","Thank you!  Here's your reward.",,,,,,,,,
20030,"Bright Ruby Chest","#R$username$, you can spend some spaces with our special quests.  Trade 5 Gems for a chest so in this way you can have more space in your inventory!","You can get nice items as reward.  Can you help me rearch some of them?","Go and collect them all!","Go and collect them all!","Thank you!  Here's your reward.",,,,,,,,,
20031,"Bright Emerald Chest","#R$username$, you can spend some spaces with our special quests.  Trade 5 Gems for a chest so in this way you can have more space in your inventory!","You can get nice items as reward.  Can you help me rearch some of them?","Go and collect them all!","Go and collect them all!","Thank you!  Here's your reward.",,,,,,,,,
20032,"Titanium Stone Chest","#R$username$, you can spend some spaces with our special quests.  Trade 5 Gems for a chest so in this way you can have more space in your inventory!","You can get nice items as reward.  Can you help me rearch some of them?","Go and collect them all!","Go and collect them all!","Thank you!  Here's your reward.",,,,,,,,,
20033,"Aura of Five Elements (7 day)","#R$username$, did you know that aura gives also 1000 Damage Points? Items you need to get that buff is only on drop. Go farm for many of them!","You can get nice items as reward.  Can you help me rearch some of them?","Go and collect them all!","Go and collect them all!","Thank you!  Here's your reward.",,,,,,,,,
20034,"Aura of Five Elements (15 day)","#R$username$, did you know that aura gives also 1000 Damage Points? Items you need to get that buff is only on drop. Go farm for many of them!","You can get nice items as reward.  Can you help me rearch some of them?","Go and collect them all!","Go and collect them all!","Thank you!  Here's your reward.",,,,,,,,,
20035,"Aura of Five Elements (30 day)","#R$username$, did you know that aura gives also 1000 Damage Points? Items you need to get that buff is only on drop. Go farm for many of them!","You can get nice items as reward.  Can you help me rearch some of them?","Go and collect them all!","Go and collect them all!","Thank you!  Here's your reward.",,,,,,,,,
20036,"Phoenix Treasure Box","#R$username$, did you already got aura and you dont know what to make with those Chips? Then go trade it for that Phoenix Box. Here you can got nice rewards at all!","You can get nice items as reward.  Can you help me rearch some of them?","Go and collect them all!","Go and collect them all!","Thank you!  Here's your reward.",,,,,,,,,
20037,"Loo's Graves Daily","#R$username$, if you have problems with level or attributes here you can being strongest. Only 1 run is enought to take your set!","You can get nice items as reward.  Can you help me rearch some of them?","Go and collect them all!","Go and collect them all!","Thank you!  Here's your reward.",,,,,,,,,
20038,"White Eagle (EXP)","#R$username$, if you have problems with leveling then take my buff 150% more exp. Go farm caves to get more exp than normal mobs!","You can get nice items as reward.  Can you help me rearch some of them?","Go and collect them all!","Go and collect them all!","Thank you!  Here's your reward.",,,,,,,,,
20039,"Blood Oath Ring I","#R$username$#n, here you can get our Blood Oath set for a strongest character. You can find Residual Shadow quest at Tamer Tao Huang!","You can get nice items as reward.  Can you help me rearch some of them?","Go and collect them all!","Go and collect them all!","Thank you!  Here's your reward.",,,,,,,,,
20040,"Blood Oath Ring II","#R$username$#n, here you can get our Blood Oath set for a strongest character. You can find Residual Shadow quest at Tamer Tao Huang!","You can get nice items as reward.  Can you help me rearch some of them?","Go and collect them all!","Go and collect them all!","Thank you!  Here's your reward.",,,,,,,,,
20041,"Blood Oath Ring III","#R$username$#n, here you can get our Blood Oath set for a strongest character. You can find Residual Shadow quest at Tamer Tao Huang!","You can get nice items as reward.  Can you help me rearch some of them?","Go and collect them all!","Go and collect them all!","Thank you!  Here's your reward.",,,,,,,,,
20042,"Blood Oath Ring IV","#R$username$#n, here you can get our Blood Oath set for a strongest character. You can find Residual Shadow quest at Tamer Tao Huang!","You can get nice items as reward.  Can you help me rearch some of them?","Go and collect them all!","Go and collect them all!","Thank you!  Here's your reward.",,,,,,,,,
20043,"Blood Oath Ring V","#R$username$#n, here you can get our Blood Oath set for a strongest character. You can find Residual Shadow quest at Tamer Tao Huang!","You can get nice items as reward.  Can you help me rearch some of them?","Go and collect them all!","Go and collect them all!","Thank you!  Here's your reward.",,,,,,,,,
20044,"Blood Oath Ring VI","#R$username$#n, here you can get our Blood Oath set for a strongest character. You can find Residual Shadow quest at Tamer Tao Huang!","You can get nice items as reward.  Can you help me rearch some of them?","Go and collect them all!","Go and collect them all!","Thank you!  Here's your reward.",,,,,,,,,
20045,"Blood Oath Ring VII","#R$username$#n, here you can get our Blood Oath set for a strongest character. You can find Residual Shadow quest at Tamer Tao Huang!","You can get nice items as reward.  Can you help me rearch some of them?","Go and collect them all!","Go and collect them all!","Thank you!  Here's your reward.",,,,,,,,,
20046,"Blood Oath Ring VIII","#R$username$#n, here you can get our Blood Oath set for a strongest character. You can find Residual Shadow quest at Tamer Tao Huang!","You can get nice items as reward.  Can you help me rearch some of them?","Go and collect them all!","Go and collect them all!","Thank you!  Here's your reward.",,,,,,,,,
20047,"Blood Oath Ring IX","#R$username$#n, here you can get our Blood Oath set for a strongest character. You can find Residual Shadow quest at Tamer Tao Huang!","You can get nice items as reward.  Can you help me rearch some of them?","Go and collect them all!","Go and collect them all!","Thank you!  Here's your reward.",,,,,,,,,
20048,"Blood Oath Ring of Wizzard","#R$username$#n, here you can get our Blood Oath set for a strongest character. You can find Residual Shadow quest at Tamer Tao Huang!","You can get nice items as reward.  Can you help me rearch some of them?","Go and collect them all!","Go and collect them all!","Thank you!  Here's your reward.",,,,,,,,,
20049,"Blood Oath Ring of Monk","#R$username$#n, here you can get our Blood Oath set for a strongest character. You can find Residual Shadow quest at Tamer Tao Huang!","You can get nice items as reward.  Can you help me rearch some of them?","Go and collect them all!","Go and collect them all!","Thank you!  Here's your reward.",,,,,,,,,
20050,"Blood Oath Ring of Fairy","#R$username$#n, here you can get our Blood Oath set for a strongest character. You can find Residual Shadow quest at Tamer Tao Huang!","You can get nice items as reward.  Can you help me rearch some of them?","Go and collect them all!","Go and collect them all!","Thank you!  Here's your reward.",,,,,,,,,
20051,"Blood Oath Ring of Assassin","#R$username$#n, here you can get our Blood Oath set for a strongest character. You can find Residual Shadow quest at Tamer Tao Huang!","You can get nice items as reward.  Can you help me rearch some of them?","Go and collect them all!","Go and collect them all!","Thank you!  Here's your reward.",,,,,,,,,
20052,"Blood Oath Ring of Tamer","#R$username$#n, here you can get our Blood Oath set for a strongest character. You can find Residual Shadow quest at Tamer Tao Huang!","You can get nice items as reward.  Can you help me rearch some of them?","Go and collect them all!","Go and collect them all!","Thank you!  Here's your reward.",,,,,,,,,
20053,"Blood Oath Amulet I","#R$username$#n, here you can get our Blood Oath set for a strongest character. You can find Residual Shadow quest at Tamer Tao Huang!","You can get nice items as reward.  Can you help me rearch some of them?","Go and collect them all!","Go and collect them all!","Thank you!  Here's your reward.",,,,,,,,,
20054,"Blood Oath Amulet II","#R$username$#n, here you can get our Blood Oath set for a strongest character. You can find Residual Shadow quest at Tamer Tao Huang!","You can get nice items as reward.  Can you help me rearch some of them?","Go and collect them all!","Go and collect them all!","Thank you!  Here's your reward.",,,,,,,,,
20055,"Blood Oath Amulet III","#R$username$#n, here you can get our Blood Oath set for a strongest character. You can find Residual Shadow quest at Tamer Tao Huang!","You can get nice items as reward.  Can you help me rearch some of them?","Go and collect them all!","Go and collect them all!","Thank you!  Here's your reward.",,,,,,,,,
20056,"Blood Oath Amulet IV","#R$username$#n, here you can get our Blood Oath set for a strongest character. You can find Residual Shadow quest at Tamer Tao Huang!","You can get nice items as reward.  Can you help me rearch some of them?","Go and collect them all!","Go and collect them all!","Thank you!  Here's your reward.",,,,,,,,,
20057,"Blood Oath Amulet V","#R$username$#n, here you can get our Blood Oath set for a strongest character. You can find Residual Shadow quest at Tamer Tao Huang!","You can get nice items as reward.  Can you help me rearch some of them?","Go and collect them all!","Go and collect them all!","Thank you!  Here's your reward.",,,,,,,,,
20058,"Blood Oath Amulet VI","#R$username$#n, here you can get our Blood Oath set for a strongest character. You can find Residual Shadow quest at Tamer Tao Huang!","You can get nice items as reward.  Can you help me rearch some of them?","Go and collect them all!","Go and collect them all!","Thank you!  Here's your reward.",,,,,,,,,
20059,"Blood Oath Amulet VII","#R$username$#n, here you can get our Blood Oath set for a strongest character. You can find Residual Shadow quest at Tamer Tao Huang!","You can get nice items as reward.  Can you help me rearch some of them?","Go and collect them all!","Go and collect them all!","Thank you!  Here's your reward.",,,,,,,,,
20060,"Blood Oath Amulet VIII","#R$username$#n, here you can get our Blood Oath set for a strongest character. You can find Residual Shadow quest at Tamer Tao Huang!","You can get nice items as reward.  Can you help me rearch some of them?","Go and collect them all!","Go and collect them all!","Thank you!  Here's your reward.",,,,,,,,,
20061,"Blood Oath Amulet IX","#R$username$#n, here you can get our Blood Oath set for a strongest character. You can find Residual Shadow quest at Tamer Tao Huang!","You can get nice items as reward.  Can you help me rearch some of them?","Go and collect them all!","Go and collect them all!","Thank you!  Here's your reward.",,,,,,,,,
20062,"Blood Oath Amulet of Wizzard","#R$username$#n, here you can get our Blood Oath set for a strongest character. You can find Residual Shadow quest at Tamer Tao Huang!","You can get nice items as reward.  Can you help me rearch some of them?","Go and collect them all!","Go and collect them all!","Thank you!  Here's your reward.",,,,,,,,,
20063,"Blood Oath Amulet of Monk","#R$username$#n, here you can get our Blood Oath set for a strongest character. You can find Residual Shadow quest at Tamer Tao Huang!","You can get nice items as reward.  Can you help me rearch some of them?","Go and collect them all!","Go and collect them all!","Thank you!  Here's your reward.",,,,,,,,,
20064,"Blood Oath Amulet of Fairy","#R$username$#n, here you can get our Blood Oath set for a strongest character. You can find Residual Shadow quest at Tamer Tao Huang!","You can get nice items as reward.  Can you help me rearch some of them?","Go and collect them all!","Go and collect them all!","Thank you!  Here's your reward.",,,,,,,,,
20065,"Blood Oath Amulet of Assassin","#R$username$#n, here you can get our Blood Oath set for a strongest character. You can find Residual Shadow quest at Tamer Tao Huang!","You can get nice items as reward.  Can you help me rearch some of them?","Go and collect them all!","Go and collect them all!","Thank you!  Here's your reward.",,,,,,,,,
20066,"Blood Oath Amulet of Tamer","#R$username$#n, here you can get our Blood Oath set for a strongest character. You can find Residual Shadow quest at Tamer Tao Huang!","You can get nice items as reward.  Can you help me rearch some of them?","Go and collect them all!","Go and collect them all!","Thank you!  Here's your reward.",,,,,,,,,
20067,"Newbie Help (SC)","#Y$username$, peoples that just joined our server need help aswell.  Go help them with small lvl caves and you rearch also a good reward from us!","You can get nice items as reward.  Can you help me rearch some of them?","Go and collect them all!","Go and collect them all!","Thank you!  Here's your reward.",,,,,,,,,
20068,"Newbie Help (RC)","#Y$username$, peoples that just joined our server need help aswell.  Go help them with small lvl caves and you rearch also a good reward from us!","You can get nice items as reward.  Can you help me rearch some of them?","Go and collect them all!","Go and collect them all!","Thank you!  Here's your reward.",,,,,,,,,
20069,"Newbie Help (HH)","#Y$username$, peoples that just joined our server need help aswell.  Go help them with small lvl caves and you rearch also a good reward from us!","You can get nice items as reward.  Can you help me rearch some of them?","Go and collect them all!","Go and collect them all!","Thank you!  Here's your reward.",,,,,,,,,
20070,"Newbie Help (LW)","#Y$username$, peoples that just joined our server need help aswell.  Go help them with small lvl caves and you rearch also a good reward from us!","You can get nice items as reward.  Can you help me rearch some of them?","Go and collect them all!","Go and collect them all!","Thank you!  Here's your reward.",,,,,,,,,
20071,"Newbie Help (FP)","#Y$username$, peoples that just joined our server need help aswell.  Go help them with small lvl caves and you rearch also a good reward from us!","You can get nice items as reward.  Can you help me rearch some of them?","Go and collect them all!","Go and collect them all!","Thank you!  Here's your reward.",,,,,,,,,
20072,"Moon Dragon Daily (GMB)","#Y$username$, in Moon Dragon Village you can find awesome daily quests. Go fight the mobs in MDV to rearch your rewards!","You can get nice items as reward.  Can you help me rearch some of them?","Go and collect them all!","Go and collect them all!","Thank you!  Here's your reward.",,,,,,,,,
20073,"Moon Dragon Daily (PEB)","#Y$username$, in Moon Dragon Village you can find awesome daily quests. Go fight the mobs in MDV to rearch your rewards!","You can get nice items as reward.  Can you help me rearch some of them?","Go and collect them all!","Go and collect them all!","Thank you!  Here's your reward.",,,,,,,,,
20074,"Moon Dragon Daily (RS) 1","#Y$username$, in Moon Dragon Village you can find awesome daily quests. Go fight the mobs in MDV to rearch your rewards!","You can get nice items as reward.  Can you help me rearch some of them?","Go and collect them all!","Go and collect them all!","Thank you!  Here's your reward.",,,,,,,,,
20075,"Moon Dragon Daily (RS) 2","#Y$username$, in Moon Dragon Village you can find awesome daily quests. Go fight the mobs in MDV to rearch your rewards!","You can get nice items as reward.  Can you help me rearch some of them?","Go and collect them all!","Go and collect them all!","Thank you!  Here's your reward.",,,,,,,,,
20076,"Blood Oath (SFC) Elite","#Y$username$, fight the evils in Silver Fox Cave to get Residual Shadows. With those chips you can take your Blood Oath Rings or Amulets!","You can get nice items as reward.  Can you help me rearch some of them?","Go and collect them all!","Go and collect them all!","Thank you!  Here's your reward.",,,,,,,,,
20077,"Blood Oath (SFC)","#Y$username$, fight the evils in Silver Fox Cave to get Residual Shadows. With those chips you can take your Blood Oath Rings or Amulets!","You can get nice items as reward.  Can you help me rearch some of them?","Go and collect them all!","Go and collect them all!","Thank you!  Here's your reward.",,,,,,,,,
20078,"Barbarian Mountain Daily","#Y$username$, fight the evils in Barbarian mountain to get Mount Chips. With those chips you can take a speedy mount from Living Skill at Ascentic Fuhu!","You can get nice items as reward.  Can you help me rearch some of them?","Go and collect them all!","Go and collect them all!","Thank you!  Here's your reward.",,,,,,,,,
20079,"Child Wind Cave","#Y$username$, fight the evils in CWC to get Mount Chips. With those chips you can take a speedy mount!","You can get nice items as reward.  Can you help me rearch some of them?","Go and collect them all!","Go and collect them all!","Thank you!  Here's your reward.",,,,,,,,,
20080,"Child Wind Cave Strong","#Y$username$, fight the evils in CWC to get Mount Chips. With those chips you can take a speedy mount!","You can get nice items as reward.  Can you help me rearch some of them?","Go and collect them all!","Go and collect them all!","Thank you!  Here's your reward.",,,,,,,,,
20081,"Child Wind Cave Elite","#Y$username$, fight the evils in CWC to get Mount Chips. With those chips you can take a speedy mount!","You can get nice items as reward.  Can you help me rearch some of them?","Go and collect them all!","Go and collect them all!","Thank you!  Here's your reward.",,,,,,,,,
10069,"Defeat Hua Wu Xie","Defeat Hua Wu Xie to get Loyal reputation Points.","Welcome, my hero!  Finish that quest and rearch your reward.  Hope you enjoy it!","Wish you to Kill them easy!","I have some useful items, wanna take a look?","My friend, you've proved your courage.  You are my hero!  ","","","","","","","","","",
10070,"Defeat Tan Wu Chen","Defeat Tan Wu Chen to get Loyal reputation Points.","Welcome, my hero!  Finish that quest and rearch your reward.  Hope you enjoy it!","Wish you to Kill them easy!","I have some useful items, wanna take a look?","My friend, you've proved your courage.  You are my hero!  ","","","","","","","","","",
10071,"Defeat Si Ming","Defeat Si Ming to get Loyal reputation Points.","Welcome, my hero!  Finish that quest and rearch your reward.  Hope you enjoy it!","Wish you to Kill them easy!","I have some useful items, wanna take a look?","My friend, you've proved your courage.  You are my hero!  ","","","","","","","","","",
10072,"Defeat Cui Ying and Yue Wen","Defeat Cui Ying and Yue Wen to get Loyal reputation Points.","Welcome, my hero!  Finish that quest and rearch your reward.  Hope you enjoy it!","Wish you to Kill them easy!","I have some useful items, wanna take a look?","My friend, you've proved your courage.  You are my hero!  ","","","","","","","","","",
10005,"Quest for Cuff","Exchange Bloodstain Chip's for PVP Equipament.","Theese Bloodstain Chips's you can earn Making quests and farming caves.","Good Luck my friend.","Hurry Up. Search 250 Bloostain Chip's for me.","Thank you verry much. You prove you are a verry good fighter."
10006,"Quest for Kneepad","Exchange Bloodstain Chip's for PVP Equipament.","Theese Bloodstain Chips's you can earn Making quests and farming caves.","Good Luck my friend.","Hurry Up. Search 250 Bloostain Chip's for me.","Thank you verry much. You prove you are a verry good fighter."
10007,"Quest for Belt","Exchange Bloodstain Chip's for PVP Equipament.","Theese Bloodstain Chips's you can earn Making quests and farming caves.","Good Luck my friend.","Hurry Up. Search 250 Bloostain Chip's for me.","Thank you verry much. You prove you are a verry good fighter."
10008,"Quest for Armguard","Exchange Bloodstain Chip's for PVP Equipament.","Theese Bloodstain Chips's you can earn Making quests and farming caves.","Good Luck my friend.","Hurry Up. Search 250 Bloostain Chip's for me.","Thank you verry much. You prove you are a verry good fighter."
10009,"Quest for Boots","Exchange Bloodstain Chip's for PVP Equipament.","Theese Bloodstain Chips's you can earn Making quests and farming caves.","Good Luck my friend.","Hurry Up. Search 250 Bloostain Chip's for me.","Thank you verry much. You prove you are a verry good fighter."
10010,"Quest for Armor","Exchange Bloodstain Chip's for PVP Equipament.","Theese Bloodstain Chips's you can earn Making quests and farming caves.","Good Luck my friend.","Hurry Up. Search 250 Bloostain Chip's for me.","Thank you verry much. You prove you are a verry good fighter."
20082,"Captain Murmond","#Y$username$, fight the evils in Peace Island to winn reputation points here. With this reputation you can buy our new purple assistants!","You can get nice items as reward.  Can you help me rearch some of them?","Go and collect them all!","Go and collect them all!","Thank you!  Here's your reward.",,,,,,,,,
20083,"Irradiated Huge Pincess Crab","#Y$username$, fight the evils in Peace Island to winn reputation points here. With this reputation you can buy our new purple assistants!","You can get nice items as reward.  Can you help me rearch some of them?","Go and collect them all!","Go and collect them all!","Thank you!  Here's your reward.",,,,,,,,,
20084,"Peace Island Animals","#Y$username$, fight the evils in Peace Island to winn reputation points here. With this reputation you can buy our new purple assistants!","You can get nice items as reward.  Can you help me rearch some of them?","Go and collect them all!","Go and collect them all!","Thank you!  Here's your reward.",,,,,,,,,
20085,"Kill Lang Fei","#Y$username$, go inside Pirate Lair and defead all 3 bosses for us. Here you can winn your new PL set also reputation points to buy your new Assistants!","You can get nice items as reward.  Can you help me rearch some of them?","Go and collect them all!","Go and collect them all!","Thank you!  Here's your reward.",,,,,,,,,
20086,"Kill Octopus King","#Y$username$, go inside Pirate Lair and defead all 3 bosses for us. Here you can winn your new PL set also reputation points to buy your new Assistants!","You can get nice items as reward.  Can you help me rearch some of them?","Go and collect them all!","Go and collect them all!","Thank you!  Here's your reward.",,,,,,,,,
20087,"Kill Jing Gou","#Y$username$, go inside Pirate Lair and defead all 3 bosses for us. Here you can winn your new PL set also reputation points to buy your new Assistants!","You can get nice items as reward.  Can you help me rearch some of them?","Go and collect them all!","Go and collect them all!","Thank you!  Here's your reward.",,,,,,,,,
10073,"Paradise Cuff","Red Dream Stone Helps you to get your new set.","Obtain some Red Dream Stone to get Pirate Lair Set.","Good Luck my friend.","Hurry Up. Pirate Lair evils will destroy that Red Dream Stones.","Thank you verry much. You prove you are a verry good fighter."
10074,"Paradise Kneepad","Red Dream Stone Helps you to get your new set.","Obtain some Red Dream Stone to get Pirate Lair Set.","Good Luck my friend.","Hurry Up. Pirate Lair evils will destroy that Red Dream Stones.","Thank you verry much. You prove you are a verry good fighter."
10075,"Paradise Belt","Red Dream Stone Helps you to get your new set.","Obtain some Red Dream Stone to get Pirate Lair Set.","Good Luck my friend.","Hurry Up. Pirate Lair evils will destroy that Red Dream Stones.","Thank you verry much. You prove you are a verry good fighter."
10076,"Paradise Armguard","Red Dream Stone Helps you to get your new set.","Obtain some Red Dream Stone to get Pirate Lair Set.","Good Luck my friend.","Hurry Up. Pirate Lair evils will destroy that Red Dream Stones.","Thank you verry much. You prove you are a verry good fighter."
10077,"Paradise Boots","Red Dream Stone Helps you to get your new set.","Obtain some Red Dream Stone to get Pirate Lair Set.","Good Luck my friend.","Hurry Up. Pirate Lair evils will destroy that Red Dream Stones.","Thank you verry much. You prove you are a verry good fighter."
10078,"Paradise Armor","Red Dream Stone Helps you to get your new set.","Obtain some Red Dream Stone to get Pirate Lair Set.","Good Luck my friend.","Hurry Up. Pirate Lair evils will destroy that Red Dream Stones.","Thank you verry much. You prove you are a verry good fighter."
20088,"Bright Ruby Chip","#R$username$, did you got as drop Bright Ruby Chip? You can trade it for a Bright Ruby. Go farm for many of them!","You can get nice items as reward.  Can you help me rearch some of them?","Go and collect them all!","Go and collect them all!","Thank you!  Here's your reward.",,,,,,,,,
20089,"Bright Emerald Chip","#R$username$, did you got as drop Bright Emerald Chip? You can trade it for a Bright Emerald. Go farm for many of them!","You can get nice items as reward.  Can you help me rearch some of them?","Go and collect them all!","Go and collect them all!","Thank you!  Here's your reward.",,,,,,,,,
20090,"Online Buff","#R$username$, If is something wrong with your Online buff and it was deleted you can take it again anytime from me!","You can get nice items as reward.  Can you help me rearch some of them?","Go and collect them all!","Go and collect them all!","Thank you!  Here's your reward.",,,,,,,,,
20091,"Bright Diamond","#R$username$, if you love our server you can show us being online 50 hours and take as reward Bright Diamond!","You can get nice items as reward.  Can you help me rearch some of them?","Go and collect them all!","Go and collect them all!","Thank you!  Here's your reward.",,,,,,,,,
20092,"Super Diamond","#R$username$, if you love our server you can show us being online 50 hours and take as reward Super Diamond!","You can get nice items as reward.  Can you help me rearch some of them?","Go and collect them all!","Go and collect them all!","Thank you!  Here's your reward.",,,,,,,,,
20093,"Loyality Reputation","#R$username$, go change your Bloodstain Chips with Loyality reputation!","You can get nice items as reward.  Can you help me rearch some of them?","Go and collect them all!","Go and collect them all!","Thank you!  Here's your reward.",,,,,,,,,
20094,"Dark Golden Magic Bead","#R$username$, did you know that our server have the max quality of items Dark Golden? You cannot drop them but you can turn them from golden to dark golden using a special Bead. Gather Europe Chips!","You can get nice items as reward.  Can you help me rearch some of them?","Go and collect them all!","Go and collect them all!","Thank you!  Here's your reward.",,,,,,,,,
20095,"Evil Pith","#Y$username$, in Moon Dragon Village you can find awesome quests. Go fight the mobs in MDV to rearch your rewards!","You can get nice items as reward.  Can you help me rearch some of them?","Go and collect them all!","Go and collect them all!","Thank you!  Here's your reward.",,,,,,,,,
20096,"Pet Skill Book (Move Speed)","#Y$username$, in Peace Island you can find awesome quests. Go fight the mobs in Peace Island to rearch your rewards!","You can get nice items as reward.  Can you help me rearch some of them?","Go and collect them all!","Go and collect them all!","Thank you!  Here's your reward.",,,,,,,,,
20097,"Pet Skill Book (Dexterity)","#Y$username$, in Peace Island you can find awesome quests. Go fight the mobs in Peace Island to rearch your rewards!","You can get nice items as reward.  Can you help me rearch some of them?","Go and collect them all!","Go and collect them all!","Thank you!  Here's your reward.",,,,,,,,,
20098,"Pet Skill Book (Strength)","#Y$username$, in Peace Island you can find awesome quests. Go fight the mobs in Peace Island to rearch your rewards!","You can get nice items as reward.  Can you help me rearch some of them?","Go and collect them all!","Go and collect them all!","Thank you!  Here's your reward.",,,,,,,,,
20099,"Pet Skill Book (Intelligence)","#Y$username$, in Peace Island you can find awesome quests. Go fight the mobs in Peace Island to rearch your rewards!","You can get nice items as reward.  Can you help me rearch some of them?","Go and collect them all!","Go and collect them all!","Thank you!  Here's your reward.",,,,,,,,,
20100,"Pet Skill Book (Adv. Mana Upper Limit)","#Y$username$, in Peace Island you can find awesome quests. Go fight the mobs in Peace Island to rearch your rewards!","You can get nice items as reward.  Can you help me rearch some of them?","Go and collect them all!","Go and collect them all!","Thank you!  Here's your reward.",,,,,,,,,
20101,"Pet Skill Book (Dodge)","#Y$username$, in Peace Island you can find awesome quests. Go fight the mobs in Peace Island to rearch your rewards!","You can get nice items as reward.  Can you help me rearch some of them?","Go and collect them all!","Go and collect them all!","Thank you!  Here's your reward.",,,,,,,,,
20102,"Gold Bag (5000G)","#Y$username$, in Peace Island you can find awesome quests. Go fight the mobs in Peace Island to rearch your rewards!","You can get nice items as reward.  Can you help me rearch some of them?","Go and collect them all!","Go and collect them all!","Thank you!  Here's your reward.",,,,,,,,,
20103,"Dolphin (Mount)","#Y$username$, here you can find some rare mounts. Go fight the mobs and gather Mount Chips then exchange them for a nice mount!","You can get nice items as reward.  Can you help me rearch some of them?","Go and collect them all!","Go and collect them all!","Thank you!  Here's your reward.",,,,,,,,,
20104,"Pinky Phoenix (Mount)","#Y$username$, here you can find some rare mounts. Go fight the mobs and gather Mount Chips then exchange them for a nice mount!","You can get nice items as reward.  Can you help me rearch some of them?","Go and collect them all!","Go and collect them all!","Thank you!  Here's your reward.",,,,,,,,,
20105,"Green Phoenix (Mount)","#Y$username$, here you can find some rare mounts. Go fight the mobs and gather Mount Chips then exchange them for a nice mount!","You can get nice items as reward.  Can you help me rearch some of them?","Go and collect them all!","Go and collect them all!","Thank you!  Here's your reward.",,,,,,,,,
20106,"Black Phoenix (Mount)","#Y$username$, here you can find some rare mounts. Go fight the mobs and gather Mount Chips then exchange them for a nice mount!","You can get nice items as reward.  Can you help me rearch some of them?","Go and collect them all!","Go and collect them all!","Thank you!  Here's your reward.",,,,,,,,,
20107,"Magic Carpet (Mount)","#Y$username$, here you can find some rare mounts. Go fight the mobs and gather Mount Chips then exchange them for a nice mount!","You can get nice items as reward.  Can you help me rearch some of them?","Go and collect them all!","Go and collect them all!","Thank you!  Here's your reward.",,,,,,,,,
20108,"Paradise Tiger (Mount)","#Y$username$, here you can find some rare mounts. Go fight the mobs and gather Mount Chips then exchange them for a nice mount!","You can get nice items as reward.  Can you help me rearch some of them?","Go and collect them all!","Go and collect them all!","Thank you!  Here's your reward.",,,,,,,,,
20109,"Paradise Bear (Mount)","#Y$username$, here you can find some rare mounts. Go fight the mobs and gather Mount Chips then exchange them for a nice mount!","You can get nice items as reward.  Can you help me rearch some of them?","Go and collect them all!","Go and collect them all!","Thank you!  Here's your reward.",,,,,,,,,
20110,"Paradise Kylin (Mount)","#Y$username$, here you can find some rare mounts. Go fight the mobs and gather Mount Chips then exchange them for a nice mount!","You can get nice items as reward.  Can you help me rearch some of them?","Go and collect them all!","Go and collect them all!","Thank you!  Here's your reward.",,,,,,,,,
20111,"Leaf Green Tiger (Mount)","#Y$username$, here you can find some rare mounts. Go fight the mobs and gather Mount Chips then exchange them for a nice mount!","You can get nice items as reward.  Can you help me rearch some of them?","Go and collect them all!","Go and collect them all!","Thank you!  Here's your reward.",,,,,,,,,
20112,"Azure Dragon (Mount)","#Y$username$, here you can find some rare mounts. Go fight the mobs and gather Mount Chips then exchange them for a nice mount!","You can get nice items as reward.  Can you help me rearch some of them?","Go and collect them all!","Go and collect them all!","Thank you!  Here's your reward.",,,,,,,,,
20113,"White Cloud (Mount)","#Y$username$, here you can find some rare mounts. Go fight the mobs and gather Mount Chips then exchange them for a nice mount!","You can get nice items as reward.  Can you help me rearch some of them?","Go and collect them all!","Go and collect them all!","Thank you!  Here's your reward.",,,,,,,,,
20114,"Cyan Cloud (Mount)","#Y$username$, here you can find some rare mounts. Go fight the mobs and gather Mount Chips then exchange them for a nice mount!","You can get nice items as reward.  Can you help me rearch some of them?","Go and collect them all!","Go and collect them all!","Thank you!  Here's your reward.",,,,,,,,,
20115,"Fire Cloud (Mount)","#Y$username$, here you can find some rare mounts. Go fight the mobs and gather Mount Chips then exchange them for a nice mount!","You can get nice items as reward.  Can you help me rearch some of them?","Go and collect them all!","Go and collect them all!","Thank you!  Here's your reward.",,,,,,,,,
20116,"Surf Board Sword (Mount)","#Y$username$, here you can find some rare mounts. Go fight the mobs and gather Mount Chips then exchange them for a nice mount!","You can get nice items as reward.  Can you help me rearch some of them?","Go and collect them all!","Go and collect them all!","Thank you!  Here's your reward.",,,,,,,,,
20117,"Lightning Sword (Mount)","#Y$username$, here you can find some rare mounts. Go fight the mobs and gather Mount Chips then exchange them for a nice mount!","You can get nice items as reward.  Can you help me rearch some of them?","Go and collect them all!","Go and collect them all!","Thank you!  Here's your reward.",,,,,,,,,
20118,"Heaven Sword (Mount)","#Y$username$, here you can find some rare mounts. Go fight the mobs and gather Mount Chips then exchange them for a nice mount!","You can get nice items as reward.  Can you help me rearch some of them?","Go and collect them all!","Go and collect them all!","Thank you!  Here's your reward.",,,,,,,,,
20119,"Thunder Master Sword (Mount)","#Y$username$, here you can find some rare mounts. Go fight the mobs and gather Mount Chips then exchange them for a nice mount!","You can get nice items as reward.  Can you help me rearch some of them?","Go and collect them all!","Go and collect them all!","Thank you!  Here's your reward.",,,,,,,,,
20120,"Fire Floater (Mount)","#Y$username$, here you can find some rare mounts. Go fight the mobs and gather Mount Chips then exchange them for a nice mount!","You can get nice items as reward.  Can you help me rearch some of them?","Go and collect them all!","Go and collect them all!","Thank you!  Here's your reward.",,,,,,,,,
20121,"Ice Floater (Mount)","#Y$username$, here you can find some rare mounts. Go fight the mobs and gather Mount Chips then exchange them for a nice mount!","You can get nice items as reward.  Can you help me rearch some of them?","Go and collect them all!","Go and collect them all!","Thank you!  Here's your reward.",,,,,,,,,
20122,"Flame Sword (Mount)","#Y$username$, here you can find some rare mounts. Go fight the mobs and gather Mount Chips then exchange them for a nice mount!","You can get nice items as reward.  Can you help me rearch some of them?","Go and collect them all!","Go and collect them all!","Thank you!  Here's your reward.",,,,,,,,,
20123,"Plant Floater (Mount)","#Y$username$, here you can find some rare mounts. Go fight the mobs and gather Mount Chips then exchange them for a nice mount!","You can get nice items as reward.  Can you help me rearch some of them?","Go and collect them all!","Go and collect them all!","Thank you!  Here's your reward.",,,,,,,,,
20124,"Super Bee (Mount)","#Y$username$, here you can find some rare mounts. Go fight the mobs and gather Mount Chips then exchange them for a nice mount!","You can get nice items as reward.  Can you help me rearch some of them?","Go and collect them all!","Go and collect them all!","Thank you!  Here's your reward.",,,,,,,,,
20125,"King Kong (Mount)","#Y$username$, here you can find some rare mounts. Go fight the mobs and gather Mount Chips then exchange them for a nice mount!","You can get nice items as reward.  Can you help me rearch some of them?","Go and collect them all!","Go and collect them all!","Thank you!  Here's your reward.",,,,,,,,,
20126,"Pegasus (Mount)","#Y$username$, here you can find some rare mounts. Go fight the mobs and gather Mount Chips then exchange them for a nice mount!","You can get nice items as reward.  Can you help me rearch some of them?","Go and collect them all!","Go and collect them all!","Thank you!  Here's your reward.",,,,,,,,,
20127,"Darkness Horse (Mount)","#Y$username$, here you can find some rare mounts. Go fight the mobs and gather Mount Chips then exchange them for a nice mount!","You can get nice items as reward.  Can you help me rearch some of them?","Go and collect them all!","Go and collect them all!","Thank you!  Here's your reward.",,,,,,,,,
20128,"Flame Bear (Mount)","#Y$username$, here you can find some rare mounts. Go fight the mobs and gather Mount Chips then exchange them for a nice mount!","You can get nice items as reward.  Can you help me rearch some of them?","Go and collect them all!","Go and collect them all!","Thank you!  Here's your reward.",,,,,,,,,
20129,"Pumpkin (Mount)","#Y$username$, here you can find some rare mounts. Go fight the mobs and gather Mount Chips then exchange them for a nice mount!","You can get nice items as reward.  Can you help me rearch some of them?","Go and collect them all!","Go and collect them all!","Thank you!  Here's your reward.",,,,,,,,,
20130,"Scorpion King (Mount)","#Y$username$, here you can find some rare mounts. Go fight the mobs and gather Mount Chips then exchange them for a nice mount!","You can get nice items as reward.  Can you help me rearch some of them?","Go and collect them all!","Go and collect them all!","Thank you!  Here's your reward.",,,,,,,,,
20131,"Legendary Azure Sword (Mount)","#Y$username$, here you can find some rare mounts. Go fight the mobs and gather Mount Chips then exchange them for a nice mount!","You can get nice items as reward.  Can you help me rearch some of them?","Go and collect them all!","Go and collect them all!","Thank you!  Here's your reward.",,,,,,,,,
20132,"Sword of Angels (Mount)","#Y$username$, here you can find some rare mounts. Go fight the mobs and gather Mount Chips then exchange them for a nice mount!","You can get nice items as reward.  Can you help me rearch some of them?","Go and collect them all!","Go and collect them all!","Thank you!  Here's your reward.",,,,,,,,,
20133,"Royalty Elephant (Mount)","#Y$username$, here you can find some rare mounts. Go fight the mobs and gather Mount Chips then exchange them for a nice mount!","You can get nice items as reward.  Can you help me rearch some of them?","Go and collect them all!","Go and collect them all!","Thank you!  Here's your reward.",,,,,,,,,
20134,"Mysterious Gourd (Mount)","#Y$username$, here you can find some rare mounts. Go fight the mobs and gather Mount Chips then exchange them for a nice mount!","You can get nice items as reward.  Can you help me rearch some of them?","Go and collect them all!","Go and collect them all!","Thank you!  Here's your reward.",,,,,,,,,
20135,"Magic Deer (Mount)","#Y$username$, here you can find some rare mounts. Go fight the mobs and gather Mount Chips then exchange them for a nice mount!","You can get nice items as reward.  Can you help me rearch some of them?","Go and collect them all!","Go and collect them all!","Thank you!  Here's your reward.",,,,,,,,,
20136,"Sapphire Bird (Mount)","#Y$username$, here you can find some rare mounts. Go fight the mobs and gather Mount Chips then exchange them for a nice mount!","You can get nice items as reward.  Can you help me rearch some of them?","Go and collect them all!","Go and collect them all!","Thank you!  Here's your reward.",,,,,,,,,
20137,"Adv. Double Exp. Pill","#R$username$, i think you need some help to level up on our server! I give you the chance to pick up an Adv. Double Exp. Pill from here but for that you have to bring me some special items. Gather Europe Chips!","You can get nice items as reward.  Can you help me rearch some of them?","Go and collect them all!","Go and collect them all!","Thank you!  Here's your reward.",,,,,,,,,
20138,"Heaven Thunder Sword (Mount)","#Y$username$, here you can find some rare mounts. Go fight the mobs and gather Hero Badge then exchange them for a nice mount!","You can get nice items as reward.  Can you help me rearch some of them?","Go and collect them all!","Go and collect them all!","Thank you!  Here's your reward.",,,,,,,,,
20139,"Purple Charming Sword (Mount)","#Y$username$, here you can find some rare mounts. Go fight the mobs and gather Hero Badge then exchange them for a nice mount!","You can get nice items as reward.  Can you help me rearch some of them?","Go and collect them all!","Go and collect them all!","Thank you!  Here's your reward.",,,,,,,,,
20140,"Bravo Tiger (+40%) (Mount)","#Y$username$, here you can find some rare mounts. Go fight the mobs and gather Hero Badge then exchange them for a nice mount!","You can get nice items as reward.  Can you help me rearch some of them?","Go and collect them all!","Go and collect them all!","Thank you!  Here's your reward.",,,,,,,,,
20141,"Forgiveness Pill (L)","#Y$username$, have you got the revenge against an enemy and your PK value increased? No problem. Here you can exchange some Courage for Forgiveness Pill!","You can get nice items as reward.  Can you help me rearch some of them?","Go and collect them all!","Go and collect them all!","Thank you!  Here's your reward.",,,,,,,,,
20142,"Purge Crystal","#R$username$, take that cystall to purge all magicstones from your items. That gives you the chance to add a new magicstone with a better quality. Gather Europe Chips!","You can get nice items as reward.  Can you help me rearch some of them?","Go and collect them all!","Go and collect them all!","Thank you!  Here's your reward.",,,,,,,,,
20143,"Adv. Numen Grass","#R$username$, your pet is going to level up faster with this item. Gather Europe Chips!","You can get nice items as reward.  Can you help me rearch some of them?","Go and collect them all!","Go and collect them all!","Thank you!  Here's your reward.",,,,,,,,,
20144,"Auspicious Monster Soul","#R$username$, if you love our server you can show us being online 100 hours and take as reward Auspicious Monster Soul!","You can get nice items as reward.  Can you help me rearch some of them?","Go and collect them all!","Go and collect them all!","Thank you!  Here's your reward.",,,,,,,,,
20145,"Merino Deserter (Daily)","#R$username$, go fight the mobs in Jade City and winn your awesome rewards!","You can get nice items as reward.  Can you help me rearch some of them?","Go and collect them all!","Go and collect them all!","Thank you!  Here's your reward.",,,,,,,,,
20146,"Ninja Captain (Elite)(Daily)","#R$username$, go fight the mobs in Jade City and winn your awesome rewards!","You can get nice items as reward.  Can you help me rearch some of them?","Go and collect them all!","Go and collect them all!","Thank you!  Here's your reward.",,,,,,,,,
20147,"Jade Witch (Elite)(Daily)","#R$username$, go fight the mobs in Jade City and winn your awesome rewards!","You can get nice items as reward.  Can you help me rearch some of them?","Go and collect them all!","Go and collect them all!","Thank you!  Here's your reward.",,,,,,,,,
20148,"White Tiger's Spirit (1 day)","#R$username$, kill as many mobs you can in Jade City and bring me everything you gather from them. I will give you some buffs as reward wich will help you alot!","You can get nice items as reward.  Can you help me rearch some of them?","Go and collect them all!","Go and collect them all!","Thank you!  Here's your reward.",,,,,,,,,
20149,"White Tiger's Spirit (3 day)","#R$username$, kill as many mobs you can in Jade City and bring me everything you gather from them. I will give you some buffs as reward wich will help you alot!","You can get nice items as reward.  Can you help me rearch some of them?","Go and collect them all!","Go and collect them all!","Thank you!  Here's your reward.",,,,,,,,,
20150,"White Tiger's Spirit (7 day)","#R$username$, kill as many mobs you can in Jade City and bring me everything you gather from them. I will give you some buffs as reward wich will help you alot!","You can get nice items as reward.  Can you help me rearch some of them?","Go and collect them all!","Go and collect them all!","Thank you!  Here's your reward.",,,,,,,,,
20151,"Shield of Black Turtle (1 day)","#R$username$, kill as many mobs you can in Jade City and bring me everything you gather from them. I will give you some buffs as reward wich will help you alot!","You can get nice items as reward.  Can you help me rearch some of them?","Go and collect them all!","Go and collect them all!","Thank you!  Here's your reward.",,,,,,,,,
20152,"Shield of Black Turtle (3 day)","#R$username$, kill as many mobs you can in Jade City and bring me everything you gather from them. I will give you some buffs as reward wich will help you alot!","You can get nice items as reward.  Can you help me rearch some of them?","Go and collect them all!","Go and collect them all!","Thank you!  Here's your reward.",,,,,,,,,
20153,"Shield of Black Turtle (7 day)","#R$username$, kill as many mobs you can in Jade City and bring me everything you gather from them. I will give you some buffs as reward wich will help you alot!","You can get nice items as reward.  Can you help me rearch some of them?","Go and collect them all!","Go and collect them all!","Thank you!  Here's your reward.",,,,,,,,,
20154,"Blue Dragon's Heart (1 day)","#R$username$, kill as many mobs you can in Jade City and bring me everything you gather from them. I will give you some buffs as reward wich will help you alot!","You can get nice items as reward.  Can you help me rearch some of them?","Go and collect them all!","Go and collect them all!","Thank you!  Here's your reward.",,,,,,,,,
20155,"Blue Dragon's Heart (3 day)","#R$username$, kill as many mobs you can in Jade City and bring me everything you gather from them. I will give you some buffs as reward wich will help you alot!","You can get nice items as reward.  Can you help me rearch some of them?","Go and collect them all!","Go and collect them all!","Thank you!  Here's your reward.",,,,,,,,,
20156,"Blue Dragon's Heart (7 day)","#R$username$, kill as many mobs you can in Jade City and bring me everything you gather from them. I will give you some buffs as reward wich will help you alot!","You can get nice items as reward.  Can you help me rearch some of them?","Go and collect them all!","Go and collect them all!","Thank you!  Here's your reward.",,,,,,,,,
20157,"Flame of Fire Phoenix (1 day)","#R$username$, kill as many mobs you can in Jade City and bring me everything you gather from them. I will give you some buffs as reward wich will help you alot!","You can get nice items as reward.  Can you help me rearch some of them?","Go and collect them all!","Go and collect them all!","Thank you!  Here's your reward.",,,,,,,,,
20158,"Flame of Fire Phoenix (3 day)","#R$username$, kill as many mobs you can in Jade City and bring me everything you gather from them. I will give you some buffs as reward wich will help you alot!","You can get nice items as reward.  Can you help me rearch some of them?","Go and collect them all!","Go and collect them all!","Thank you!  Here's your reward.",,,,,,,,,
20159,"Flame of Fire Phoenix (7 day)","#R$username$, kill as many mobs you can in Jade City and bring me everything you gather from them. I will give you some buffs as reward wich will help you alot!","You can get nice items as reward.  Can you help me rearch some of them?","Go and collect them all!","Go and collect them all!","Thank you!  Here's your reward.",,,,,,,,,
20160,"Jade Hercule (Elite)(Daily)","#R$username$, go fight the mobs in Jade City and winn your awesome rewards!","You can get nice items as reward.  Can you help me rearch some of them?","Go and collect them all!","Go and collect them all!","Thank you!  Here's your reward.",,,,,,,,,
20161,"Jade Sword (Elite)(Daily)","#R$username$, go fight the mobs in Jade City and winn your awesome rewards!","You can get nice items as reward.  Can you help me rearch some of them?","Go and collect them all!","Go and collect them all!","Thank you!  Here's your reward.",,,,,,,,,
20162,"West Palace Generals","#Y$username$, fight the evils in West Palace Cave to get Reputation Point and Blended Soul Box. You will get a stronger set!","You can get nice items as reward.  Can you help me rearch some of them?","Go and collect them all!","Go and collect them all!","Thank you!  Here's your reward.",,,,,,,,,
20163,"Zhang Er (Elite)","#Y$username$, fight the evils in West Palace Cave to get Reputation Point and Blended Soul Box. You will get a stronger set!","You can get nice items as reward.  Can you help me rearch some of them?","Go and collect them all!","Go and collect them all!","Thank you!  Here's your reward.",,,,,,,,,
20164,"Qiu Sher (Elite)","#Y$username$, fight the evils in West Palace Cave to get Reputation Point and Blended Soul Box. You will get a stronger set!","You can get nice items as reward.  Can you help me rearch some of them?","Go and collect them all!","Go and collect them all!","Thank you!  Here's your reward.",,,,,,,,,
20165,"Yu Yi (Elite)","#Y$username$, fight the evils in West Palace Cave to get Reputation Point and Blended Soul Box. You will get a stronger set!","You can get nice items as reward.  Can you help me rearch some of them?","Go and collect them all!","Go and collect them all!","Thank you!  Here's your reward.",,,,,,,,,
20166,"Zoo Duo (Elite)","#Y$username$, fight the evils in West Palace Cave to get Reputation Point and Blended Soul Box. You will get a stronger set!","You can get nice items as reward.  Can you help me rearch some of them?","Go and collect them all!","Go and collect them all!","Thank you!  Here's your reward.",,,,,,,,,
20167,"Blended Soul Box","#Y$username$, fight the evils in West Palace Cave to get Reputation Point and Blended Soul Box. You will get a stronger set!","You can get nice items as reward.  Can you help me rearch some of them?","Go and collect them all!","Go and collect them all!","Thank you!  Here's your reward.",,,,,,,,,
20168,"Blood Palace Glory","#R$username$, your guild won the war and is controling Blood Palace now. Here you can take your Crown and HP increase Buff!","You can be the king.  Have you taken it already?","Take the quest!","Take the quest!","Thank you!  Here's your reward.",,,,,,,,,
